ID	rank	views	company	title	link	file_path	unique_article_ID
571	0	1798249	433	"[단독] ""서로, 첫눈에 반했다""…카리나♥이재욱, 밀라노 연인"	https://m.entertain.naver.com/ranking/article/433/0000101915	C:\Users\WINDOWS11\Desktop\kpop_agenda\Step1\Articles\20240227_article_1.txt	461
3161	0	1686913	609	[단독]송재림 오늘(12일) 사망‥향년 39세	https://m.entertain.naver.com/ranking/article/609/0000920006	C:\Users\WINDOWS11\Desktop\kpop_agenda\Step1\Articles\20241112_article_1.txt	2468
3281	0	1590228	433	"[단독] ""소중한 생명, 끝까지 책임진다""...정우성, 문가비 아들의 친부"	https://m.entertain.naver.com/ranking/article/433/0000111148	C:\Users\WINDOWS11\Desktop\kpop_agenda\Step1\Articles\20241124_article_1.txt	2570
181	0	1451861	109	"""예쁘게 봐주세요"" 용준형♥현아, 공개연애 최초고백 [★SHOT!]"	https://m.entertain.naver.com/ranking/article/109/0005001527	C:\Users\WINDOWS11\Desktop\kpop_agenda\Step1\Articles\20240119_article_1.txt	144
2191	0	1385004	108	"'18세 연하' 진화, 피투성이로 ""♥함소원이 폭행"" 주장→셀프 반박..또 불화설 [종합]"	https://m.entertain.naver.com/ranking/article/108/0003256207	C:\Users\WINDOWS11\Desktop\kpop_agenda\Step1\Articles\20240807_article_1.txt	1704
1991	0	1346091	312	"박나래, 55억 대저택 자랑하더니…""무단침입 많아, 돈 빌려달라고"" ('금쪽상담소')"	https://m.entertain.naver.com/ranking/article/312/0000671211	C:\Users\WINDOWS11\Desktop\kpop_agenda\Step1\Articles\20240718_article_1.txt	1568
771	0	1286750	433	"[단독] ""폰만 보고, 땅만 봤다""…류준열♥한소희, 하와이 데이트"	https://m.entertain.naver.com/ranking/article/433/0000102605	C:\Users\WINDOWS11\Desktop\kpop_agenda\Step1\Articles\20240318_article_1.txt	615
3561	0	1250147	311	깜짝 임신 발표→대형 말실수·견제→장나라까지 ♥남편 언급 ★ '말말말' [SBS 연기대상②]	https://m.entertain.naver.com/ranking/article/311/0001809221	C:\Users\WINDOWS11\Desktop\kpop_agenda\Step1\Articles\20241222_article_1.txt	2795
831	0	1193996	312	[단독] 김새론♥김수현, 12살 차이 띠동갑 열애설…의도된 럽스타인가	https://m.entertain.naver.com/ranking/article/312/0000654983	C:\Users\WINDOWS11\Desktop\kpop_agenda\Step1\Articles\20240324_article_1.txt	401
1911	0	1174596	213	제니 '실내흡연' 사과하자마자...블랙핑크, 공연 실황 영화 예고 [종합]	https://m.entertain.naver.com/ranking/article/213/0001300836	C:\Users\WINDOWS11\Desktop\kpop_agenda\Step1\Articles\20240710_article_1.txt	1505
21	0	1153629	382	[단독] 강경준 상간남 피소 충격…“소장 아직, 오해 있는 듯”	https://m.entertain.naver.com/ranking/article/382/0001097705	C:\Users\WINDOWS11\Desktop\kpop_agenda\Step1\Articles\20240103_article_1.txt	19
651	0	1132533	311	"유재석 ""하차 당연"" vs 장도연 ""초라해서 눈물""…마땅한가 무례한가 [엑's 초점]"	https://m.entertain.naver.com/ranking/article/311/0001698924	C:\Users\WINDOWS11\Desktop\kpop_agenda\Step1\Articles\20240306_article_1.txt	521
3241	0	1128832	312	"'47세' 박세리, ♥결혼설 터졌다…상대는 동갑내기 톱스타, ""나이들수록 멋있어"" ('라스')"	https://m.entertain.naver.com/ranking/article/312/0000689666	C:\Users\WINDOWS11\Desktop\kpop_agenda\Step1\Articles\20241120_article_1.txt	2536
2081	0	1090007	109	'열애설' 났던 최진혁·정은지, 오늘부터 1일..실제 연인 됐다 ('낮밤녀')	https://m.entertain.naver.com/ranking/article/109/0005124802	C:\Users\WINDOWS11\Desktop\kpop_agenda\Step1\Articles\20240727_article_1.txt	1631
3091	0	1059772	312	[단독] '♥이상순' 이효리, 경사 터졌다…오늘(5일) 라디오 '완벽한 하루' 출연	https://m.entertain.naver.com/ranking/article/312/0000687777	C:\Users\WINDOWS11\Desktop\kpop_agenda\Step1\Articles\20241105_article_1.txt	2412
1901	0	1051748	311	"용준형과 결혼하는데…현아·던, 스킨십 사진 그대로 ""헤어져도 추억"" [엑's 이슈]"	https://m.entertain.naver.com/ranking/article/311/0001746392	C:\Users\WINDOWS11\Desktop\kpop_agenda\Step1\Articles\20240709_article_1.txt	1491
11	0	1049880	629	[단독] '축구 스타' 이강인, '에이프릴' 이나은과 풋풋한 '데이트'	https://m.entertain.naver.com/ranking/article/629/0000257927	C:\Users\WINDOWS11\Desktop\kpop_agenda\Step1\Articles\20240102_article_1.txt	11
2791	0	1029673	312	기안84, ♥열애 의혹 터졌다…상대는 12살 연하 걸그룹 멤버 ('음악일주')	https://m.entertain.naver.com/ranking/article/312/0000683181	C:\Users\WINDOWS11\Desktop\kpop_agenda\Step1\Articles\20241006_article_1.txt	2183
2351	0	1021472	108	"함소원 ""돈은 쓸 만큼 있다, 딸과 행복할 것"" 이혼 발표 후 심경"	https://m.entertain.naver.com/ranking/article/108/0003260439	C:\Users\WINDOWS11\Desktop\kpop_agenda\Step1\Articles\20240823_article_1.txt	1828
3291	0	1014021	312	"[단독] 정우성, 비연예인과 장기 열애 중 ""혼외자 존재 몰라 큰 충격"""	https://m.entertain.naver.com/ranking/article/312/0000690327	C:\Users\WINDOWS11\Desktop\kpop_agenda\Step1\Articles\20241125_article_1.txt	2444
2261	0	999705	382	‘띠동갑’ 김지석♥이주명 열애에 겹경사…한식구 됐다 [종합]	https://m.entertain.naver.com/ranking/article/382/0001144524	C:\Users\WINDOWS11\Desktop\kpop_agenda\Step1\Articles\20240814_article_1.txt	1758
3341	0	988104	312	"김대호, 하지원과 ♥핑크빛 인정했다…""안재홍과 삼각관계"" ('대장이반찬')"	https://m.entertain.naver.com/ranking/article/312/0000691064	C:\Users\WINDOWS11\Desktop\kpop_agenda\Step1\Articles\20241130_article_1.txt	2609
3301	0	984036	52	[단독] 이동휘·정호연, 공개 열애 9년 만에 결별…연인에서 동료로	https://m.entertain.naver.com/ranking/article/052/0002119025	C:\Users\WINDOWS11\Desktop\kpop_agenda\Step1\Articles\20241126_article_1.txt	2580
3031	0	963676	433	"[단독] ""그와의 과거는, 상처였다""…트리플스타, 전부인과 전여친"	https://m.entertain.naver.com/ranking/article/433/0000110178	C:\Users\WINDOWS11\Desktop\kpop_agenda\Step1\Articles\20241030_article_1.txt	2362
541	0	953459	76	"""잘 만나고 있어요♥""..결별설 날린 '★ 커플' 데이트 목격담 속출[종합]"	https://m.entertain.naver.com/ranking/article/076/0004113390	C:\Users\WINDOWS11\Desktop\kpop_agenda\Step1\Articles\20240224_article_1.txt	430
3101	0	939161	312	[공식] '44세' 이동건, 이혼 4년 만에 겹경사 터졌다…♥박하선과 아찔한 로맨스 호흡 ('아쓸사')	https://m.entertain.naver.com/ranking/article/312/0000687897	C:\Users\WINDOWS11\Desktop\kpop_agenda\Step1\Articles\20241106_article_1.txt	2421
3571	0	938443	433	"[단독] ""출근? 처음부터 안했다""…송민호, 복무부실의 목격자"	https://m.entertain.naver.com/ranking/article/433/0000112108	C:\Users\WINDOWS11\Desktop\kpop_agenda\Step1\Articles\20241223_article_1.txt	2802
1902	0	937055	108	"정준영 충격 근황 포착? ""프랑스 바에서 여자 꼬시고 한식당 차린다고"""	https://m.entertain.naver.com/ranking/article/108/0003248794	C:\Users\WINDOWS11\Desktop\kpop_agenda\Step1\Articles\20240709_article_2.txt	1498
131	0	927414	76	"한소희, 고졸 학력 첫 고백 ""프랑스 대학 붙었는데 6천만원 없어 못가""(나불나불)[종합]"	https://m.entertain.naver.com/ranking/article/076/0004097243	C:\Users\WINDOWS11\Desktop\kpop_agenda\Step1\Articles\20240114_article_1.txt	101
861	0	913314	109	"[단독] 티아라 아름, 극단적 선택 후 병원 이송 ""의식 없어..기도 부탁"" (종합)"	https://m.entertain.naver.com/ranking/article/109/0005044515	C:\Users\WINDOWS11\Desktop\kpop_agenda\Step1\Articles\20240327_article_1.txt	671
2091	0	904350	312	박나래도 6개월만 돌연 하차…줄줄이 폐지·시청률 0%대, 안통하는 먹방 예능 [TEN스타필드]	https://m.entertain.naver.com/ranking/article/312/0000672771	C:\Users\WINDOWS11\Desktop\kpop_agenda\Step1\Articles\20240728_article_1.txt	1634
1951	0	902787	311	"'이수근♥' 박지연, 대퇴부 괴사→인공관절 재수술…""밤새 옆 지킨 남편"" [전문]"	https://m.entertain.naver.com/ranking/article/311/0001748507	C:\Users\WINDOWS11\Desktop\kpop_agenda\Step1\Articles\20240714_article_1.txt	1540
1471	0	899902	76	"""이상순♥ 결혼 이유"" 이효리 눈물로 최초 고백한 '불우한 가정사→무력감'(엄마, 단둘이)[종합]"	https://m.entertain.naver.com/ranking/article/076/0004149307	C:\Users\WINDOWS11\Desktop\kpop_agenda\Step1\Articles\20240527_article_1.txt	267
2171	0	891882	311	파장 예상 못 했나…(여자)아이들 소연, 무엇을 노린 '계약 종료' 가사일까 [엑's 이슈]	https://m.entertain.naver.com/ranking/article/311/0001756695	C:\Users\WINDOWS11\Desktop\kpop_agenda\Step1\Articles\20240805_article_1.txt	1687
1992	0	881804	76	"이은형, 임신 35주에 갑작스러운 하혈 ""배가 너무 불편했다"" ('기유TV')"	https://m.entertain.naver.com/ranking/article/076/0004170000	C:\Users\WINDOWS11\Desktop\kpop_agenda\Step1\Articles\20240718_article_2.txt	1569
2611	0	880741	312	"화사, 40대 사업가와 '열애설' 침묵하더니…""좋은 사람 생기면 결혼"" ('인생84')[TEN이슈]"	https://m.entertain.naver.com/ranking/article/312/0000680277	C:\Users\WINDOWS11\Desktop\kpop_agenda\Step1\Articles\20240918_article_1.txt	2034
1	0	877416	311	"박민영, 열애설 논란 언급 ""매일 후회해…다신 불미스러운 일 없게 할 것"""	https://m.entertain.naver.com/ranking/article/311/0001677035	C:\Users\WINDOWS11\Desktop\kpop_agenda\Step1\Articles\20240101_article_1.txt	1
271	0	876662	109	"차은우, 올리비아 핫세 딸과 데이트 포착?...소속사 ""MV 촬영"" 해프닝 해명 [공식]"	https://m.entertain.naver.com/ranking/article/109/0005006827	C:\Users\WINDOWS11\Desktop\kpop_agenda\Step1\Articles\20240128_article_1.txt	219
1993	0	869799	312	[단독] 최동석과 부모, 前아내 박지윤 명의 제주도·서울집 거주중	https://m.entertain.naver.com/ranking/article/312/0000671281	C:\Users\WINDOWS11\Desktop\kpop_agenda\Step1\Articles\20240718_article_3.txt	1570
1994	0	869160	609	염정아, 잘생긴 정형외과 의사 남편 공개 “첫만남에 귀여워 3차까지”(유퀴즈)	https://m.entertain.naver.com/ranking/article/609/0000876298	C:\Users\WINDOWS11\Desktop\kpop_agenda\Step1\Articles\20240718_article_4.txt	1571
2192	0	868871	117	"'빅토리' 이혜리, 류준열 결별→'재밌네' 대첩…""인간 이혜리의 마음이었다"" [인터뷰①]"	https://m.entertain.naver.com/ranking/article/117/0003859091	C:\Users\WINDOWS11\Desktop\kpop_agenda\Step1\Articles\20240807_article_2.txt	1705
2082	0	864901	311	[동명N인] 카카오 전 대표와 결혼한 박지윤·최동석과 이혼한 박지윤 (엑:스피디아)	https://m.entertain.naver.com/ranking/article/311/0001753771	C:\Users\WINDOWS11\Desktop\kpop_agenda\Step1\Articles\20240727_article_2.txt	1632
3421	0	863026	312	"'57세' 김성령, ♥남편과 별거 고백했다…""살 만큼 살아, 밤마다 혼자 술 마셔"" ('A급장영란')"	https://m.entertain.naver.com/ranking/article/312/0000692022	C:\Users\WINDOWS11\Desktop\kpop_agenda\Step1\Articles\20241208_article_1.txt	2682
591	0	858007	312	[단독] 가수 벤, 혼인신고 3년 만에 파경…이욱 이사장과 이혼	https://m.entertain.naver.com/ranking/article/312/0000651328	C:\Users\WINDOWS11\Desktop\kpop_agenda\Step1\Articles\20240229_article_1.txt	480
3261	0	857621	312	"'박시은♥' 진태현, 결국 포기했다…""임신 6개월 차에 이혼 신청"" ('이혼숙려캠프')"	https://m.entertain.naver.com/ranking/article/312/0000689949	C:\Users\WINDOWS11\Desktop\kpop_agenda\Step1\Articles\20241122_article_1.txt	2552
3611	0	854651	433	"[단독] ""바른자세, 맑은정신, 노는아이""…송민호, 상의탈의 파티 현장"	https://m.entertain.naver.com/ranking/article/433/0000112323	C:\Users\WINDOWS11\Desktop\kpop_agenda\Step1\Articles\20241227_article_1.txt	2838
1291	0	850556	76	"""어깨에 폭~"" 이도현♥임지연 '무대 뒤 스킨십'..'백상' ★들 '몰랐던 실제 케미' [SC이슈]"	https://m.entertain.naver.com/ranking/article/076/0004142665	C:\Users\WINDOWS11\Desktop\kpop_agenda\Step1\Articles\20240509_article_1.txt	988
3441	0	850460	312	"'39세' 박나래, 김재욱과 ♥핑크빛 오작교 이시언이었다…""요리해 줄 맛 나"" ('나래식')"	https://m.entertain.naver.com/ranking/article/312/0000692267	C:\Users\WINDOWS11\Desktop\kpop_agenda\Step1\Articles\20241210_article_1.txt	2701
891	0	850235	18	[단독]류준열·한소희, 공개 열애 2주 만 결별	https://m.entertain.naver.com/ranking/article/018/0005703458	C:\Users\WINDOWS11\Desktop\kpop_agenda\Step1\Articles\20240330_article_1.txt	600
2301	0	846295	311	"'73세' 이금희 ""결혼? 내가 아까워서 안 해…대시男에 '네가 감히'"" (동치미)"	https://m.entertain.naver.com/ranking/article/311/0001761382	C:\Users\WINDOWS11\Desktop\kpop_agenda\Step1\Articles\20240818_article_1.txt	1790
2352	0	845305	112	"신애라, 입양한 딸과 안타까운 이별 심경 ""어느새 다 자라 대학에, 자꾸 눈물이 나"""	https://m.entertain.naver.com/ranking/article/112/0003715934	C:\Users\WINDOWS11\Desktop\kpop_agenda\Step1\Articles\20240823_article_2.txt	1829
862	0	844371	117	"[단독] 김새론 ""수많은 고민했다""…그의 침묵을 존중할 때 (종합)"	https://m.entertain.naver.com/ranking/article/117/0003816969	C:\Users\WINDOWS11\Desktop\kpop_agenda\Step1\Articles\20240327_article_2.txt	672
3591	0	841515	108	"'성심당' 논란 터졌다..정재형 발언에 유재석도 ""어이 無""[스타이슈]"	https://m.entertain.naver.com/ranking/article/108/0003291423	C:\Users\WINDOWS11\Desktop\kpop_agenda\Step1\Articles\20241225_article_1.txt	2819
91	0	838977	477	"[단독]사강, 가슴아픈 남편상…""손에 물 안묻힌다""던 사랑꾼에 '먹먹'(종합)"	https://m.entertain.naver.com/ranking/article/477/0000467880	C:\Users\WINDOWS11\Desktop\kpop_agenda\Step1\Articles\20240110_article_1.txt	65
3211	0	838041	312	"'양정아♥' 김승수, 53년 만에 결실 맺었다…결혼 앞둔 김종민도 깜짝, ""연예인 최초"" ('미우새')"	https://m.entertain.naver.com/ranking/article/312/0000689296	C:\Users\WINDOWS11\Desktop\kpop_agenda\Step1\Articles\20241117_article_1.txt	2510
2193	0	836639	117	“손·발·가슴 묶고 코끼리 쓰러질 정도의 주사”, 환자사망 양재웅 병원 약물 오남용 논란[MD이슈]	https://m.entertain.naver.com/ranking/article/117/0003859161	C:\Users\WINDOWS11\Desktop\kpop_agenda\Step1\Articles\20240807_article_3.txt	1706
863	0	835484	410	“나도 잘 나갔는데”...‘셀프 열애설’ 김새론, 김수현과의 사진은 ‘충동적 과시’ (연예뒤통령)	https://m.entertain.naver.com/ranking/article/410/0000988089	C:\Users\WINDOWS11\Desktop\kpop_agenda\Step1\Articles\20240327_article_3.txt	673
2151	0	834225	312	곽준빈, 10년 연애 끝 결혼…♥예비 신부와 상견례 마쳤다 ('세계기사식당')	https://m.entertain.naver.com/ranking/article/312/0000673686	C:\Users\WINDOWS11\Desktop\kpop_agenda\Step1\Articles\20240803_article_1.txt	1672
2431	0	821669	108	"안정환, 사이판 공항서 억류..""내전 국가 입국 기록 때문"" [스타이슈]"	https://m.entertain.naver.com/ranking/article/108/0003262285	C:\Users\WINDOWS11\Desktop\kpop_agenda\Step1\Articles\20240831_article_1.txt	1891
2241	0	819139	76	"[SC이슈] ""오빠가 사줄게, 숙소가자""…승리, 발리 클럽 목격담 →버닝썬 복귀 부인"	https://m.entertain.naver.com/ranking/article/076/0004180771	C:\Users\WINDOWS11\Desktop\kpop_agenda\Step1\Articles\20240812_article_1.txt	1743
1051	0	818425	312	"[공식] 故 박보람 부검 결과 밝혀졌다 ""타살·극단적 선택 흔적 無…추측 자제 부탁"" [전문]"	https://m.entertain.naver.com/ranking/article/312/0000658057	C:\Users\WINDOWS11\Desktop\kpop_agenda\Step1\Articles\20240415_article_1.txt	802
3071	0	813817	312	'조혜원♥' 이장우, 겹경사 터졌다…결혼 미루더니 결국 꿈 이뤘네 [TEN피플]	https://m.entertain.naver.com/ranking/article/312/0000687401	C:\Users\WINDOWS11\Desktop\kpop_agenda\Step1\Articles\20241103_article_1.txt	2396
2541	0	813715	312	"김동완♥서윤아, 방송용 연애였다…'신랑수업' 하차? ""한 번 촬영하고 말 수도"" [TEN이슈]"	https://m.entertain.naver.com/ranking/article/312/0000679339	C:\Users\WINDOWS11\Desktop\kpop_agenda\Step1\Articles\20240911_article_1.txt	1974
631	0	813471	311	"""일분 일초가 달콤해"" 아이유♥이종석, 결별설에도 끄떡없는 애정전선 [엑's 이슈]"	https://m.entertain.naver.com/ranking/article/311/0001698120	C:\Users\WINDOWS11\Desktop\kpop_agenda\Step1\Articles\20240304_article_1.txt	512
1191	0	811719	109	박성훈 ‘사망’..김수현♥김지원, 아이 낳고 완벽한 해피엔딩 (‘눈물의여왕’)[종합]	https://m.entertain.naver.com/ranking/article/109/0005067410	C:\Users\WINDOWS11\Desktop\kpop_agenda\Step1\Articles\20240429_article_1.txt	916
1811	0	807985	609	12세 삼둥이, 185㎝ 父 송일국 따라잡겠네‥아가에서 장정된 폭풍 성장(유퀴즈)	https://m.entertain.naver.com/ranking/article/609/0000870075	C:\Users\WINDOWS11\Desktop\kpop_agenda\Step1\Articles\20240630_article_1.txt	1424
1691	0	803552	311	"""한 달에 100만원 벌어"" '연돈' 점주들, 백종원 신고→본사 집회 예고 [엑's 이슈]"	https://m.entertain.naver.com/ranking/article/311/0001738210	C:\Users\WINDOWS11\Desktop\kpop_agenda\Step1\Articles\20240618_article_1.txt	1338
1341	0	802517	109	“기안84 사랑해”..한혜진, 핵폭탄 급 고백→박나래 “키스 가능?” 도발(한혜진)[Oh!쎈 포인트]	https://m.entertain.naver.com/ranking/article/109/0005076497	C:\Users\WINDOWS11\Desktop\kpop_agenda\Step1\Articles\20240514_article_1.txt	1038
551	0	800370	312	"""팬티만 입고 나오더라""…'원조' 이효리도 걱정한 제니→르세라핌 '노출룩'[TEN스타필드]"	https://m.entertain.naver.com/ranking/article/312/0000650647	C:\Users\WINDOWS11\Desktop\kpop_agenda\Step1\Articles\20240225_article_1.txt	442
1861	0	799053	312	[단독] 김승혜♥김해준, 10월 결혼…개그맨 부부 21호 탄생	https://m.entertain.naver.com/ranking/article/312/0000669532	C:\Users\WINDOWS11\Desktop\kpop_agenda\Step1\Articles\20240705_article_1.txt	1465
2101	0	798013	312	[종합] 그리, 오늘(29일) 해병대 입대…“아빠 미안해” 오열	https://m.entertain.naver.com/ranking/article/312/0000672860	C:\Users\WINDOWS11\Desktop\kpop_agenda\Step1\Articles\20240729_article_1.txt	1644
1511	0	797048	311	"김구라 子 그리 ""사랑하는 친모, 내가 경제적 지원 중"" (아빠는 꽃중년)[종합]"	https://m.entertain.naver.com/ranking/article/311/0001731772	C:\Users\WINDOWS11\Desktop\kpop_agenda\Step1\Articles\20240531_article_1.txt	1169
1831	0	794619	144	♥김지원과 ‘현커’ 의혹…김수현, SNS ‘빛삭’ 뭐길래	https://m.entertain.naver.com/ranking/article/144/0000972555	C:\Users\WINDOWS11\Desktop\kpop_agenda\Step1\Articles\20240702_article_1.txt	1440
1851	0	788098	109	‘외조 끝판왕’ 이승철, ♥연상 아내 최초 공개 “할리우드 배우같아” (‘신랑수업’)[어저께TV]	https://m.entertain.naver.com/ranking/article/109/0005110014	C:\Users\WINDOWS11\Desktop\kpop_agenda\Step1\Articles\20240704_article_1.txt	1455
2781	0	787247	437	[단독]황재균·지연, 결국 이혼… 이혼 조정신청서 제출	https://m.entertain.naver.com/ranking/article/437/0000413074	C:\Users\WINDOWS11\Desktop\kpop_agenda\Step1\Articles\20241005_article_1.txt	1400
2242	0	785165	76	"과즙세연 ""방시혁 안면인식장애 있어, 우연 만남 NO..언니와 아는 사이""[종합]"	https://m.entertain.naver.com/ranking/article/076/0004180581	C:\Users\WINDOWS11\Desktop\kpop_agenda\Step1\Articles\20240812_article_2.txt	1719
721	0	781197	109	"정준, ♥김유지와 결별 ""1년 전쯤 헤어져..서로 삶 응원"" [전문]"	https://m.entertain.naver.com/ranking/article/109/0005034245	C:\Users\WINDOWS11\Desktop\kpop_agenda\Step1\Articles\20240313_article_1.txt	584
871	0	780024	109	"보아, 확 달라진 비주얼 ""못 알아볼 뻔""..우아美 장착  [Oh!쎈 이슈]"	https://m.entertain.naver.com/ranking/article/109/0005045470	C:\Users\WINDOWS11\Desktop\kpop_agenda\Step1\Articles\20240328_article_1.txt	679
481	0	779904	76	[SC초점]전현무, 커플링 포착…결혼 임박? '나혼산' 하차하나, 시청자 발동동	https://m.entertain.naver.com/ranking/article/076/0004111243	C:\Users\WINDOWS11\Desktop\kpop_agenda\Step1\Articles\20240218_article_1.txt	395
601	0	773895	312	'신체촬영 의혹' 이서진, 루머에 선 그었다…선처 NO 강경대응[TEN이슈]	https://m.entertain.naver.com/ranking/article/312/0000651513	C:\Users\WINDOWS11\Desktop\kpop_agenda\Step1\Articles\20240301_article_1.txt	488
1441	0	773763	241	박서준, ‘10살 연하’ 모델 로렌 사이 열애…“사생활 확인 불가” [공식]	https://m.entertain.naver.com/ranking/article/241/0003352582	C:\Users\WINDOWS11\Desktop\kpop_agenda\Step1\Articles\20240524_article_1.txt	1115
2641	0	771523	312	"'38세' 박나래, ♥일본 남성과 열애 고백…""뺑소니처럼 사랑 찾아와"" ('혼전연애')"	https://m.entertain.naver.com/ranking/article/312/0000680809	C:\Users\WINDOWS11\Desktop\kpop_agenda\Step1\Articles\20240921_article_1.txt	2057
1192	0	767953	629	[단독] 김진경♥김승규 6월 결혼…배우·축구선수 부부 탄생	https://m.entertain.naver.com/ranking/article/629/0000284434	C:\Users\WINDOWS11\Desktop\kpop_agenda\Step1\Articles\20240429_article_2.txt	917
2262	0	767908	609	유재석 86억 논현동 펜트하우스 집들이…지석진 “입장료 5만원”(핑계고)	https://m.entertain.naver.com/ranking/article/609/0000885926	C:\Users\WINDOWS11\Desktop\kpop_agenda\Step1\Articles\20240814_article_2.txt	1759
2302	0	766878	109	"'불륜 9년째' 김민희, ♥홍상수 손 꼭잡고 애교..""당신의 영화를 사랑해""[Oh!쎈 이슈]"	https://m.entertain.naver.com/ranking/article/109/0005138857	C:\Users\WINDOWS11\Desktop\kpop_agenda\Step1\Articles\20240818_article_2.txt	1791
632	0	765539	109	"""커플룩 딱 걸렸다""..김희철, 진짜 결혼하나? 장근석x이홍기 폭로 '당황' [종합]"	https://m.entertain.naver.com/ranking/article/109/0005029138	C:\Users\WINDOWS11\Desktop\kpop_agenda\Step1\Articles\20240304_article_2.txt	513
2411	0	765301	76	'재혼' 서동주, 4살 연하 예비신랑♥ 공개…소유진→홍석천 축하물결 [종합]	https://m.entertain.naver.com/ranking/article/076/0004187005	C:\Users\WINDOWS11\Desktop\kpop_agenda\Step1\Articles\20240829_article_1.txt	1875
1781	0	765300	76	"[SC리뷰] '최파타' 하차 이유 털어놓은 최화정 ""일흔에 낮 12시 방송 할 수 없지 않나"" (유퀴즈)"	https://m.entertain.naver.com/ranking/article/076/0004161784	C:\Users\WINDOWS11\Desktop\kpop_agenda\Step1\Articles\20240627_article_1.txt	1405
2142	0	764637	112	성유리, 쌍둥이 두 딸 마침내 공개..인형 같이 예쁜 2세 아기들	https://m.entertain.naver.com/ranking/article/112/0003712441	C:\Users\WINDOWS11\Desktop\kpop_agenda\Step1\Articles\20240802_article_2.txt	1213
832	0	763865	109	김우빈♥신민아→이광수♥이선빈..결별·파경 바람 속 굳건한 장수 커플 [Oh!쎈 이슈]	https://m.entertain.naver.com/ranking/article/109/0005042443	C:\Users\WINDOWS11\Desktop\kpop_agenda\Step1\Articles\20240324_article_2.txt	652
2122	0	762945	312	"[종합] ""손석구, 사귈 것처럼 그러더니""…장도연♥배우 커플 만들기 운동본부 출범('살롱드립2')"	https://m.entertain.naver.com/ranking/article/312/0000673187	C:\Users\WINDOWS11\Desktop\kpop_agenda\Step1\Articles\20240731_article_2.txt	1653
2521	0	759986	433	[단독] 이강인, 파리 데이트 포착…연인은 두산家 5세, 박상효	https://m.entertain.naver.com/ranking/article/433/0000108579	C:\Users\WINDOWS11\Desktop\kpop_agenda\Step1\Articles\20240909_article_1.txt	1958
3521	0	759171	477	"박주현, 송민호와 2년째 열애설…소속사 ""사생활 확인 불가""[공식입장]"	https://m.entertain.naver.com/ranking/article/477/0000526305	C:\Users\WINDOWS11\Desktop\kpop_agenda\Step1\Articles\20241218_article_1.txt	2762
141	0	758494	433	"[단독] ""생활비 2.5억 입금받았다""…박민영, 강종현 금전 지원 확인"	https://m.entertain.naver.com/ranking/article/433/0000100600	C:\Users\WINDOWS11\Desktop\kpop_agenda\Step1\Articles\20240115_article_1.txt	110
2123	0	757806	609	안재모 이지훈도 감쌌는데‥박슬기 갑질 폭로→댓글창 폐쇄 엔딩	https://m.entertain.naver.com/ranking/article/609/0000881212	C:\Users\WINDOWS11\Desktop\kpop_agenda\Step1\Articles\20240731_article_3.txt	1639
1891	0	757107	52	[단독] 글로벌 K팝 스타 부부 첫 탄생…현아·용준형, 10월 11일 결혼	https://m.entertain.naver.com/ranking/article/052/0002057976	C:\Users\WINDOWS11\Desktop\kpop_agenda\Step1\Articles\20240708_article_1.txt	1489
3401	0	756441	311	"본능 아내, 곧 7번째 출산…""♥남편, 시댁서 '한번 할까?' 성관계 원해"" 충격 (이혼숙려캠프)[종합]"	https://m.entertain.naver.com/ranking/article/311/0001803780	C:\Users\WINDOWS11\Desktop\kpop_agenda\Step1\Articles\20241206_article_1.txt	2662
1081	0	755139	408	"미주 ""호감을 갖고 알아가는 중, 따뜻하게 봐달라"" 송범근과 열애 인정 [공식입장]"	https://m.entertain.naver.com/ranking/article/408/0000221038	C:\Users\WINDOWS11\Desktop\kpop_agenda\Step1\Articles\20240418_article_1.txt	826
461	0	750062	312	'박수홍♥' 김다예, '형수 무죄' 판결문에 '빨간 밑줄'로 드러낸 심경	https://m.entertain.naver.com/ranking/article/312/0000649270	C:\Users\WINDOWS11\Desktop\kpop_agenda\Step1\Articles\20240216_article_1.txt	345
211	0	749074	477	"[단독]조세호, 9세 연하 ♥회사원과 열애 ""올해 결혼 준비 중"""	https://m.entertain.naver.com/ranking/article/477/0000469780	C:\Users\WINDOWS11\Desktop\kpop_agenda\Step1\Articles\20240122_article_1.txt	168
1151	0	745909	421	"'오열' 민희진 ""뉴진스 멤버들, 지금 마음 너무 어려워…엄마들도 걱정"""	https://m.entertain.naver.com/ranking/article/421/0007505030	C:\Users\WINDOWS11\Desktop\kpop_agenda\Step1\Articles\20240425_article_1.txt	812
3262	0	744170	312	"[종합] ""18살에 교회선생과 관계 후 임신""…짐승 같은 남편의 만행, 진태현도 포기 ('이숙캠')"	https://m.entertain.naver.com/ranking/article/312/0000689993	C:\Users\WINDOWS11\Desktop\kpop_agenda\Step1\Articles\20241122_article_2.txt	2553
2194	0	740805	241	유아인, 오늘(7일) 부친상…슬픔 속 빈소 지켜	https://m.entertain.naver.com/ranking/article/241/0003371387	C:\Users\WINDOWS11\Desktop\kpop_agenda\Step1\Articles\20240807_article_4.txt	1707
1912	0	739856	437	[단독] 정준영, 클럽서 여성 끌어안고…제보자가 촬영한 영상 입수	https://m.entertain.naver.com/ranking/article/437/0000400850	C:\Users\WINDOWS11\Desktop\kpop_agenda\Step1\Articles\20240710_article_2.txt	1506
3001	0	738941	109	"문지인♥김기리, 결혼 4개월 만 불화설…""촬영 위해 억지로 화해"" ('지인의 지인')"	https://m.entertain.naver.com/ranking/article/109/0005184414	C:\Users\WINDOWS11\Desktop\kpop_agenda\Step1\Articles\20241027_article_1.txt	2349
991	0	737327	108	"[단독]압구정고 졸업생 ""송하윤, 존재감 無 조용히 지내..'학폭 전학' 소문 이미 있었다"""	https://m.entertain.naver.com/ranking/article/108/0003227051	C:\Users\WINDOWS11\Desktop\kpop_agenda\Step1\Articles\20240409_article_1.txt	757
182	0	736731	382	현아♥용준형 직접 터뜨린 열애설…소속사는 “아티스트의 사생활” [종합]	https://m.entertain.naver.com/ranking/article/382/0001101116	C:\Users\WINDOWS11\Desktop\kpop_agenda\Step1\Articles\20240119_article_2.txt	145
3221	0	736202	433	"[단독] ""달인은, ATM기였다""…김병만, 이혼의 정글"	https://m.entertain.naver.com/ranking/article/433/0000110815	C:\Users\WINDOWS11\Desktop\kpop_agenda\Step1\Articles\20241118_article_1.txt	2520
1371	0	734229	112	"'돌싱글즈5' 충격 이혼 사유→""입으로 식사 불가능, 코 튜브 연결..前 아내는 모르쇠""(종합)"	https://m.entertain.naver.com/ranking/article/112/0003697708	C:\Users\WINDOWS11\Desktop\kpop_agenda\Step1\Articles\20240517_article_1.txt	1064
2243	0	729846	468	도경완, 급성 골수염 투병 고백 “수술만 5번...부작용에 피눈물까지”	https://m.entertain.naver.com/ranking/article/468/0001085052	C:\Users\WINDOWS11\Desktop\kpop_agenda\Step1\Articles\20240812_article_3.txt	1744
961	0	727806	76	야구장 데이트→日여행..송중기, ♥케이티+子과 함께하는 '다정한 가장' [SC이슈]	https://m.entertain.naver.com/ranking/article/076/0004130648	C:\Users\WINDOWS11\Desktop\kpop_agenda\Step1\Articles\20240406_article_1.txt	636
1131	0	726799	433	"[단독] ""2500일, 내가 설렐 수 있게""…윤보미♥라도, 8년째 열애"	https://m.entertain.naver.com/ranking/article/433/0000103695	C:\Users\WINDOWS11\Desktop\kpop_agenda\Step1\Articles\20240423_article_1.txt	865
421	0	725269	468	“이이경은 무정자증, 임신 못해” 박민영, 송하윤 유산 거짓말에 격분(내 남편과 결혼해줘)	https://m.entertain.naver.com/ranking/article/468/0001029626	C:\Users\WINDOWS11\Desktop\kpop_agenda\Step1\Articles\20240212_article_1.txt	342
2451	0	725030	109	“신혼여행서 이혼 결심했다”...김용만, 결혼 27년만의 '첫 고백' (‘한이결’) [Oh!쎈 포인트]	https://m.entertain.naver.com/ranking/article/109/0005148217	C:\Users\WINDOWS11\Desktop\kpop_agenda\Step1\Articles\20240902_article_1.txt	1909
2951	0	723671	312	[공식] 전소민, '런닝맨' 하차 1년 만에 겹경사 터졌다…공민정과 안방극장 컴백 ('지송합니다')	https://m.entertain.naver.com/ranking/article/312/0000685785	C:\Users\WINDOWS11\Desktop\kpop_agenda\Step1\Articles\20241022_article_1.txt	2314
621	0	723238	311	제니, 찌푸린 미간에 울먹울먹…'아수라장' 걱정 쇄도 [엑's 이슈]	https://m.entertain.naver.com/ranking/article/311/0001697900	C:\Users\WINDOWS11\Desktop\kpop_agenda\Step1\Articles\20240303_article_1.txt	501
1082	0	718167	109	"[단독] 김병만, SBS 희망고문에 지쳤다..'정글밥' 합류NO ""유튜브판 '정법' 사비 제작"" (종합)"	https://m.entertain.naver.com/ranking/article/109/0005060377	C:\Users\WINDOWS11\Desktop\kpop_agenda\Step1\Articles\20240418_article_2.txt	827
2263	0	715665	112	"[어게인TV]유이 ""속옷 다 젖었는데 신경 NO""..서인국 ""미쳤다"" 패닉→감격(정글밥)"	https://m.entertain.naver.com/ranking/article/112/0003714361	C:\Users\WINDOWS11\Desktop\kpop_agenda\Step1\Articles\20240814_article_3.txt	1760
1112	0	710430	410	‘바프’ 박나래, 충격적인 11자 복근과 근육공개...“폼 미쳤다, 충격적인 여전사 변신”	https://m.entertain.naver.com/ranking/article/410/0000993289	C:\Users\WINDOWS11\Desktop\kpop_agenda\Step1\Articles\20240421_article_2.txt	850
3621	0	701983	312	'재산 1조설' 유재석, 고강도 세무조사 받았다더니…'놀뭐' 4억 7000만 원 기부 [공식]	https://m.entertain.naver.com/ranking/article/312/0000694590	C:\Users\WINDOWS11\Desktop\kpop_agenda\Step1\Articles\20241228_article_1.txt	2848
842	0	700152	477	"이채민, 류다인과 열애 인정 ""좋은 감정 갖고 알아가는 사이""[공식]"	https://m.entertain.naver.com/ranking/article/477/0000480780	C:\Users\WINDOWS11\Desktop\kpop_agenda\Step1\Articles\20240325_article_2.txt	659
1031	0	695480	311	"""故 박보람, 하늘에서 부모님과 함께하길"" 먹먹한 가정사, 이어지는 추모 [종합]"	https://m.entertain.naver.com/ranking/article/311/0001713937	C:\Users\WINDOWS11\Desktop\kpop_agenda\Step1\Articles\20240413_article_1.txt	781
2412	0	695205	312	본처와 내연녀의 동반 웨딩…'불륜남' 지승현, 장나라·한재이 사이서 '활짝' ('굿파트너')	https://m.entertain.naver.com/ranking/article/312/0000677558	C:\Users\WINDOWS11\Desktop\kpop_agenda\Step1\Articles\20240829_article_2.txt	1876
1052	0	690668	468	‘이효리♥’ 이상순, 제주 카페 문 닫는다..오픈 1년10개월만	https://m.entertain.naver.com/ranking/article/468/0001050440	C:\Users\WINDOWS11\Desktop\kpop_agenda\Step1\Articles\20240415_article_2.txt	803
2052	0	689168	312	"[종합] 김준호, ♥김지민이 공개 프로포즈 했는데…""결혼 생각 없어"" 폭로 ('돌싱포맨')"	https://m.entertain.naver.com/ranking/article/312/0000672170	C:\Users\WINDOWS11\Desktop\kpop_agenda\Step1\Articles\20240724_article_2.txt	1608
1841	0	687482	629	[단독] 배우 이유영, 5월 혼인신고·9월 출산 '겹경사'	https://m.entertain.naver.com/ranking/article/629/0000301161	C:\Users\WINDOWS11\Desktop\kpop_agenda\Step1\Articles\20240703_article_1.txt	1448
2	0	686778	311	"한혜진 ""아이 하나밖에 못 만들어 후회…♥기성용 닮아 승부욕 강해""(미우새)"	https://m.entertain.naver.com/ranking/article/311/0001676881	C:\Users\WINDOWS11\Desktop\kpop_agenda\Step1\Articles\20240101_article_2.txt	2
2244	0	686741	76	수지 “몸무게 144kg 충격. 살 뺄 것..미나♥류필립 도움 고마워” (필미커플) [종합]	https://m.entertain.naver.com/ranking/article/076/0004180683	C:\Users\WINDOWS11\Desktop\kpop_agenda\Step1\Articles\20240812_article_4.txt	1745
633	0	686016	312	"[단독] ""젊은 여자 MC 맞지 않는다"" 김신영 '전국노래자랑' MC 교체당하면서 들은 사유"	https://m.entertain.naver.com/ranking/article/312/0000651816	C:\Users\WINDOWS11\Desktop\kpop_agenda\Step1\Articles\20240304_article_3.txt	514
2201	0	685090	609	장동건♥고소영, 1박 1000만원 한옥서 자녀와 호캉스‥13세 子는 아빠 키까지 훌쩍	https://m.entertain.naver.com/ranking/article/609/0000883768	C:\Users\WINDOWS11\Desktop\kpop_agenda\Step1\Articles\20240808_article_1.txt	1712
3032	0	684542	312	"[종합] 박미선, '이동건과 이혼' 조윤희 향해 팩폭했다…""본인은 빠져 있어"" ('이제 혼자다')"	https://m.entertain.naver.com/ranking/article/312/0000686844	C:\Users\WINDOWS11\Desktop\kpop_agenda\Step1\Articles\20241030_article_2.txt	2363
72	0	682833	477	"서정희, 6세 연하 ♥남친 최초 공개 ""결혼은 아직…존경·배려로 함께""[전문]"	https://m.entertain.naver.com/ranking/article/477/0000467641	C:\Users\WINDOWS11\Desktop\kpop_agenda\Step1\Articles\20240108_article_2.txt	58
2642	0	682050	312	"이수근, 피해 논란 터졌다…유명 男 아이돌 ""나는 이수근 피해자"" ('아는 형님')"	https://m.entertain.naver.com/ranking/article/312/0000680817	C:\Users\WINDOWS11\Desktop\kpop_agenda\Step1\Articles\20240921_article_2.txt	2058
2731	0	682036	312	[종합] 정지선 셰프, 갑질 논란 터졌다…후배 괴롭힘에 KBS 퇴출 위기(‘사당귀’)	https://m.entertain.naver.com/ranking/article/312/0000682162	C:\Users\WINDOWS11\Desktop\kpop_agenda\Step1\Articles\20240930_article_1.txt	2133
2143	0	681493	76	"하정우, 동탄 '로또 청약' 당첨 기여했다 ""손편지 또 써드릴게요"""	https://m.entertain.naver.com/ranking/article/076/0004176567	C:\Users\WINDOWS11\Desktop\kpop_agenda\Step1\Articles\20240802_article_3.txt	1665
1903	0	680958	312	"""파라다이스 키스 실사화""…박보검X뉴진스 다니엘, C사 행사장에서 비현실적 미모 자랑[TEN이슈]"	https://m.entertain.naver.com/ranking/article/312/0000669898	C:\Users\WINDOWS11\Desktop\kpop_agenda\Step1\Articles\20240709_article_3.txt	1499
1072	0	679413	477	"[단독]김병만 ""'정글밥'? SBS에 서운해…11년 팽 당한 느낌""(인터뷰)"	https://m.entertain.naver.com/ranking/article/477/0000485117	C:\Users\WINDOWS11\Desktop\kpop_agenda\Step1\Articles\20240417_article_2.txt	819
151	0	678185	109	"""이진욱·지드래곤이 보여"" 박민영, 논란 속 종방연 참석 (Oh!쎈 이슈)"	https://m.entertain.naver.com/ranking/article/109/0004999389	C:\Users\WINDOWS11\Desktop\kpop_agenda\Step1\Articles\20240116_article_1.txt	116
1852	0	678169	108	"""통행 방해 죄송"" 리사, 태국 거리 상점 통째로 '한달치 돈 보상' [스타이슈][종합]"	https://m.entertain.naver.com/ranking/article/108/0003247755	C:\Users\WINDOWS11\Desktop\kpop_agenda\Step1\Articles\20240704_article_2.txt	1456
2011	0	677310	112	'다섯째 임신' 정주리, 아름다운 D라인..다둥이맘이라 여유롭네	https://m.entertain.naver.com/ranking/article/112/0003710016	C:\Users\WINDOWS11\Desktop\kpop_agenda\Step1\Articles\20240720_article_1.txt	1574
3	0	676502	112	"[2023 KBS 연기대상]최수종, 16년만 4번째 대상에 오열..""당연한 건 없었다""(종합)"	https://m.entertain.naver.com/ranking/article/112/0003673407	C:\Users\WINDOWS11\Desktop\kpop_agenda\Step1\Articles\20240101_article_3.txt	3
3311	0	675181	312	"[종합] '51세' 이상민, 10살 연하 배우와 핑크빛♥ 터지나…탁재훈이 오작교 ""전남친과 닮아"" ('돌싱포맨')"	https://m.entertain.naver.com/ranking/article/312/0000690604	C:\Users\WINDOWS11\Desktop\kpop_agenda\Step1\Articles\20241127_article_1.txt	2587
3431	0	675037	109	"'독일남편♥' 김혜선, 갑작스레 안타까운 소식..""정신없다"" [★SHOT!]"	https://m.entertain.naver.com/ranking/article/109/0005209220	C:\Users\WINDOWS11\Desktop\kpop_agenda\Step1\Articles\20241209_article_1.txt	2691
1001	0	674172	76	"""생각 고쳐잡으려 노력"" 한소희, 류준열 결별 후폭풍 후 심경고백 [SC이슈]"	https://m.entertain.naver.com/ranking/article/076/0004132150	C:\Users\WINDOWS11\Desktop\kpop_agenda\Step1\Articles\20240410_article_1.txt	765
2144	0	673499	312	'쌍수 논란' 블랙핑크 로제, 어딘가 귀여워진 듯 달라진 외모에 '눈길'	https://m.entertain.naver.com/ranking/article/312/0000673622	C:\Users\WINDOWS11\Desktop\kpop_agenda\Step1\Articles\20240802_article_4.txt	1666
951	0	673196	311	"""94년생 찾는다"" 전종서 '학폭 논란' 일파만파…옹호글까지 '진실공방' [엑's 이슈]"	https://m.entertain.naver.com/ranking/article/311/0001710858	C:\Users\WINDOWS11\Desktop\kpop_agenda\Step1\Articles\20240405_article_1.txt	725
1221	0	671926	311	"유재환 ""♥여친=이복동생 발언은 거짓"" 왜 관계 숨겼나…결혼 해명까지 [엑's 이슈]"	https://m.entertain.naver.com/ranking/article/311/0001721422	C:\Users\WINDOWS11\Desktop\kpop_agenda\Step1\Articles\20240502_article_1.txt	939
2125	0	671219	108	"함익병 ""내 아들, 결혼한 지도 몰랐다"" 깜짝 고백 [아빠하고 나하고]"	https://m.entertain.naver.com/ranking/article/108/0003254408	C:\Users\WINDOWS11\Desktop\kpop_agenda\Step1\Articles\20240731_article_5.txt	1654
411	0	671150	76	"지창욱, 실내흡연 결국 사과 ""부적절한 행동 죄송, 각별히 주의하겠다"" (전문)"	https://m.entertain.naver.com/ranking/article/076/0004108961	C:\Users\WINDOWS11\Desktop\kpop_agenda\Step1\Articles\20240211_article_1.txt	335
1442	0	670632	477	"[단독]이승기 ""20년간 당연한 권리 몰랐다"" 법정서 탄원서 낭독"	https://m.entertain.naver.com/ranking/article/477/0000491989	C:\Users\WINDOWS11\Desktop\kpop_agenda\Step1\Articles\20240524_article_2.txt	1116
602	0	669841	109	"[단독]&#160;'前여친·반려견 학대설' 현봉식 ""금전 DM 무시하니 협박..선처없다"" (종합)"	https://m.entertain.naver.com/ranking/article/109/0005027944	C:\Users\WINDOWS11\Desktop\kpop_agenda\Step1\Articles\20240301_article_2.txt	489
1331	0	668843	109	"""같이 딸 키우자"" 김승수, ♥양정아에 '청혼' 했다..'썸' 청산 가즈아 [종합]"	https://m.entertain.naver.com/ranking/article/109/0005076084	C:\Users\WINDOWS11\Desktop\kpop_agenda\Step1\Articles\20240513_article_1.txt	1029
922	0	668552	312	[단독] 카리나·이재욱, 공개열애 5주만에 결별	https://m.entertain.naver.com/ranking/article/312/0000656193	C:\Users\WINDOWS11\Desktop\kpop_agenda\Step1\Articles\20240402_article_2.txt	713
1443	0	668315	312	"""팔짱+볼 스킨십"" 수지♥박보검, 연인 됐다…""친구 같고 편안해""[TEN피플]"	https://m.entertain.naver.com/ranking/article/312/0000663545	C:\Users\WINDOWS11\Desktop\kpop_agenda\Step1\Articles\20240524_article_3.txt	1110
581	0	667966	144	[단독]‘쾌걸춘향’ 배우 재희 민형사 사기혐의 피소···“연락끊고 연예활동”	https://m.entertain.naver.com/ranking/article/144/0000945936	C:\Users\WINDOWS11\Desktop\kpop_agenda\Step1\Articles\20240228_article_1.txt	470
1853	0	667872	109	"송일국 子 삼둥이, ""전교에서 제일 커…父따라 미대→카이스트 목표"" 폭풍 성장에 감동! ('유퀴즈') [Oh!쎈 종합]"	https://m.entertain.naver.com/ranking/article/109/0005109942	C:\Users\WINDOWS11\Desktop\kpop_agenda\Step1\Articles\20240704_article_3.txt	1457
791	0	667831	76	"60억 빚 청산했는데…이상민 ""저작권료 빚으로 잡혀 못 받고 있다"" (돌싱포맨)"	https://m.entertain.naver.com/ranking/article/076/0004123208	C:\Users\WINDOWS11\Desktop\kpop_agenda\Step1\Articles\20240320_article_1.txt	626
92	0	665954	76	"김재우♥조유리 오열 ""출산 2주만 떠난 아들...호적 지울 때 힘들었다"" ('금쪽상담소')[종합]"	https://m.entertain.naver.com/ranking/article/076/0004095928	C:\Users\WINDOWS11\Desktop\kpop_agenda\Step1\Articles\20240110_article_2.txt	68
2303	0	665773	311	리사, 사실상 공개열애…이번엔 '재벌 남친'과 식당 데이트 [엑's 이슈]	https://m.entertain.naver.com/ranking/article/311/0001761317	C:\Users\WINDOWS11\Desktop\kpop_agenda\Step1\Articles\20240818_article_3.txt	1788
3181	0	663276	108	"최현욱 '셀프 전라 노출' 해프닝..소속사 ""별도 입장 없다"" [공식]"	https://m.entertain.naver.com/ranking/article/108/0003282147	C:\Users\WINDOWS11\Desktop\kpop_agenda\Step1\Articles\20241114_article_1.txt	2482
652	0	662699	109	카리나 “팬들 얼마나 실망했을지 잘 알아”..열애 인정 후 첫 심경 [전문]	https://m.entertain.naver.com/ranking/article/109/0005030304	C:\Users\WINDOWS11\Desktop\kpop_agenda\Step1\Articles\20240306_article_2.txt	527
701	0	662591	76	"'초밀착 뽀뽀→백허그' 김승수♥양정아 ""같이 살래?"" 결혼발표급 '핑크빛'(미우새)[종합]"	https://m.entertain.naver.com/ranking/article/076/0004119240	C:\Users\WINDOWS11\Desktop\kpop_agenda\Step1\Articles\20240311_article_1.txt	566
792	0	662306	76	"'삼성 부회장 父' 윤태영, '상속 재산 450억'에 조심스런 긍정 ""연봉·주식 추정치"" ('강심장VS')[종합]"	https://m.entertain.naver.com/ranking/article/076/0004123224	C:\Users\WINDOWS11\Desktop\kpop_agenda\Step1\Articles\20240320_article_2.txt	627
1731	0	661726	76	"한혜진, 전현무 보고도 '쏘쿨'…영상편지에 ""피곤해 보여"" ('시언스쿨')"	https://m.entertain.naver.com/ranking/article/076/0004159721	C:\Users\WINDOWS11\Desktop\kpop_agenda\Step1\Articles\20240622_article_1.txt	1374
1491	0	659704	312	"[종합]'팬과 결혼' 이종혁, 이혼 위기 고백 ""아내가 착해질 줄 알았다""('돌싱포맨')"	https://m.entertain.naver.com/ranking/article/312/0000664172	C:\Users\WINDOWS11\Desktop\kpop_agenda\Step1\Articles\20240529_article_1.txt	1154
1541	0	658816	108	"이효리, 표절 논란→前남친 실명 고백..""이상순이 나아"" [여행 갈래][종합]"	https://m.entertain.naver.com/ranking/article/108/0003239866	C:\Users\WINDOWS11\Desktop\kpop_agenda\Step1\Articles\20240603_article_1.txt	1196
3282	0	657683	311	"""김대호 장가간다!"" 하지원과 ♥핑크빛 이은 경사…'삼각관계' 고백 (대장이 반찬)[종합]"	https://m.entertain.naver.com/ranking/article/311/0001799220	C:\Users\WINDOWS11\Desktop\kpop_agenda\Step1\Articles\20241124_article_2.txt	2571
1444	0	657589	311	김호중 결국 울컥…논란 상관無 공연 '기립 박수' 터져 나왔다 (엑's 현장)[종합]	https://m.entertain.naver.com/ranking/article/311/0001729140	C:\Users\WINDOWS11\Desktop\kpop_agenda\Step1\Articles\20240524_article_4.txt	1117
391	0	657270	109	"박지윤 ""무너진 마음...다 그만두고 싶었다"" 심경 고백 [전문]"	https://m.entertain.naver.com/ranking/article/109/0005015632	C:\Users\WINDOWS11\Desktop\kpop_agenda\Step1\Articles\20240209_article_1.txt	321
1461	0	656631	477	마동석 겹경사…♥예정화와 결혼식 날 '범죄도시4' 1100만 돌파[종합]	https://m.entertain.naver.com/ranking/article/477/0000492274	C:\Users\WINDOWS11\Desktop\kpop_agenda\Step1\Articles\20240526_article_1.txt	1132
3572	0	656375	312	"""임신 몇개월 됐냐"" 김준호♥김지민, 병원 검진 받았다…프로포즈 이유 있었네 ('미우새')"	https://m.entertain.naver.com/ranking/article/312/0000693967	C:\Users\WINDOWS11\Desktop\kpop_agenda\Step1\Articles\20241223_article_2.txt	2803
1113	0	655693	469	"배우 전혜진, 피투성이 사진으로 전한 근황 ""급히 병원으로 이동"""	https://m.entertain.naver.com/ranking/article/469/0000797140	C:\Users\WINDOWS11\Desktop\kpop_agenda\Step1\Articles\20240421_article_3.txt	851
671	0	654727	477	"[단독]""연락만 안되는 줄, 괴롭다""…정동원, 父 구치소 수감 몰랐던 속사정"	https://m.entertain.naver.com/ranking/article/477/0000477482	C:\Users\WINDOWS11\Desktop\kpop_agenda\Step1\Articles\20240308_article_1.txt	543
2291	0	654010	382	‘20억 사기 피해’ 최준석 아내 “고액 연봉 받고 변해” 눈물 펑펑 (이혼할 결심)	https://m.entertain.naver.com/ranking/article/382/0001144953	C:\Users\WINDOWS11\Desktop\kpop_agenda\Step1\Articles\20240817_article_1.txt	1782
3361	0	653551	108	"김승수♥양정아 썸, 결국 거짓이었나 ""오직 비즈니스..연락 안 해"" [미우새] [★밤TV]"	https://m.entertain.naver.com/ranking/article/108/0003286833	C:\Users\WINDOWS11\Desktop\kpop_agenda\Step1\Articles\20241202_article_1.txt	2626
1904	0	653475	3	"""거지들, 내가 곧 개훌륭""…강형욱 하차 속내"	https://m.entertain.naver.com/ranking/article/003/0012656622	C:\Users\WINDOWS11\Desktop\kpop_agenda\Step1\Articles\20240709_article_4.txt	1500
2281	0	652905	76	"함소원, 진화와 결혼 7년만 이혼 ""다툼 많았다...이혼, 99% 딸 위한 결정"" [종합]"	https://m.entertain.naver.com/ranking/article/076/0004182062	C:\Users\WINDOWS11\Desktop\kpop_agenda\Step1\Articles\20240816_article_1.txt	1774
1581	0	652296	311	한소희, 2천 만원 들여 지운 '타투'가 온몸에…깜짝	https://m.entertain.naver.com/ranking/article/311/0001734386	C:\Users\WINDOWS11\Desktop\kpop_agenda\Step1\Articles\20240607_article_1.txt	1236
1091	0	652002	109	[단독] 유재석도 '이미주♥송범근 열애' 알았다..하이브에서 터질 '토크 폭탄' (종합)	https://m.entertain.naver.com/ranking/article/109/0005061038	C:\Users\WINDOWS11\Desktop\kpop_agenda\Step1\Articles\20240419_article_1.txt	833
3631	0	651916	312	[종합] '최고 연봉설' KIA 김도영, 뉴진스 하니와 ♥핑크빛…'푸른산호초' 위해 친누나 소환 ('전참시')	https://m.entertain.naver.com/ranking/article/312/0000694666	C:\Users\WINDOWS11\Desktop\kpop_agenda\Step1\Articles\20241229_article_1.txt	2857
3171	0	651019	312	"[종합] 황정음, 인성 논란 터졌다…""매니저 200번 바껴, 남자 아니면 번호 안 줘"" ('솔로라서')"	https://m.entertain.naver.com/ranking/article/312/0000688855	C:\Users\WINDOWS11\Desktop\kpop_agenda\Step1\Articles\20241113_article_1.txt	2477
2245	0	650623	76	음주운전 인증하는 '슈가 챌린지' 등장…해도해도 너무한 '도 넘은 팬심'[SC이슈]	https://m.entertain.naver.com/ranking/article/076/0004180575	C:\Users\WINDOWS11\Desktop\kpop_agenda\Step1\Articles\20240812_article_5.txt	1746
482	0	648159	108	"AOA 유나♥작곡가 강정훈, 오늘(18일) 결혼 ""무너졌던 순간에도 변함없이"""	https://m.entertain.naver.com/ranking/article/108/0003215440	C:\Users\WINDOWS11\Desktop\kpop_agenda\Step1\Articles\20240218_article_2.txt	79
12	0	647940	312	"""그런 의도 아냐…행동 조심할 것"" 이영지, 세븐틴 도겸 호의 무시 논란에 사과 [TEN이슈]"	https://m.entertain.naver.com/ranking/article/312/0000643238	C:\Users\WINDOWS11\Desktop\kpop_agenda\Step1\Articles\20240102_article_2.txt	12
1892	0	645737	421	[단독] 송중기♥케이티, 두 아이 부모된다…첫째 출산 1년 만에 둘째 임신	https://m.entertain.naver.com/ranking/article/421/0007649752	C:\Users\WINDOWS11\Desktop\kpop_agenda\Step1\Articles\20240708_article_2.txt	1490
2471	0	645273	117	"'뇌 신경마비 투병' 김윤아, 병원行 ""활력값 희미하니 그럴 만도"""	https://m.entertain.naver.com/ranking/article/117/0003867626	C:\Users\WINDOWS11\Desktop\kpop_agenda\Step1\Articles\20240904_article_1.txt	1922
1092	0	643518	112	[POP이슈]직접 공개할 땐 언제고‥현아, ♥용준형 열애 들킨 심경에 갑론을박	https://m.entertain.naver.com/ranking/article/112/0003692673	C:\Users\WINDOWS11\Desktop\kpop_agenda\Step1\Articles\20240419_article_2.txt	834
1101	0	641683	112	[팝업★]전현무·박나래·이장우 살 뺐다..근육질 보디에 담긴 구슬땀('나혼산')	https://m.entertain.naver.com/ranking/article/112/0003692798	C:\Users\WINDOWS11\Desktop\kpop_agenda\Step1\Articles\20240420_article_1.txt	842
941	0	640650	609	“장도연과 안 사귈 거면서 꼬시지마” 손석구 플러팅에 유세윤 경고(라스)	https://m.entertain.naver.com/ranking/article/609/0000840029	C:\Users\WINDOWS11\Desktop\kpop_agenda\Step1\Articles\20240404_article_1.txt	724
1451	0	640531	433	"[단독] ""레오 안락사는 고통이었다""…강형욱이 말한 사실과 진실"	https://m.entertain.naver.com/ranking/article/433/0000104706	C:\Users\WINDOWS11\Desktop\kpop_agenda\Step1\Articles\20240525_article_1.txt	1122
2021	0	638919	76	정정아 “비행기 추락 사고로 전원 사망..아나콘다 사건과 연결돼 있어” 충격 (동치미) [종합]	https://m.entertain.naver.com/ranking/article/076/0004171344	C:\Users\WINDOWS11\Desktop\kpop_agenda\Step1\Articles\20240721_article_1.txt	1589
202	0	638838	76	"황재균 ""'나혼산' 출연 당시 ♥지연과 교제 중..3개월 만에 결혼 결심"" ('전참시')[종합]"	https://m.entertain.naver.com/ranking/article/076/0004100113	C:\Users\WINDOWS11\Desktop\kpop_agenda\Step1\Articles\20240121_article_2.txt	161
821	0	638784	109	"""미안합니다"" 이효리, 돌연 방송 중 '눈물'..""반려견 떠올라"" [종합]"	https://m.entertain.naver.com/ranking/article/109/0005041665	C:\Users\WINDOWS11\Desktop\kpop_agenda\Step1\Articles\20240323_article_1.txt	644
2331	0	638487	312	"[종합]""18세 자폐 아들 있다"" 오윤아, 43세 패션기업 부사장과 첫 만남 '설렘♥'('여배우의 사생활')"	https://m.entertain.naver.com/ranking/article/312/0000676053	C:\Users\WINDOWS11\Desktop\kpop_agenda\Step1\Articles\20240821_article_1.txt	1813
3332	0	637507	312	"'갑질 논란' 고현정, 눈물의 해명 안 통했나…""제작진은 무슨 죄"" VS ""범죄도 아닌데"" [TEN피플]"	https://m.entertain.naver.com/ranking/article/312/0000690914	C:\Users\WINDOWS11\Desktop\kpop_agenda\Step1\Articles\20241129_article_2.txt	2602
351	0	637492	76	"[종합] ""마약? 말조심해""…미노이, ""죄 지었다"" 눈물 고해성사→소속사 연락두절"	https://m.entertain.naver.com/ranking/article/076/0004107103	C:\Users\WINDOWS11\Desktop\kpop_agenda\Step1\Articles\20240205_article_1.txt	289
1681	0	637379	109	"""친동생이 있다고?"" 이상민, 51년 만에 밝혀진 '아픈 가정史' 충격 [종합]"	https://m.entertain.naver.com/ranking/article/109/0005099273	C:\Users\WINDOWS11\Desktop\kpop_agenda\Step1\Articles\20240617_article_1.txt	1329
2083	0	637177	312	유아인, 강제 커밍아웃인가…'동성 성폭행' 드러난 정황, 진실게임 돌입 [TEN이슈]	https://m.entertain.naver.com/ranking/article/312/0000672762	C:\Users\WINDOWS11\Desktop\kpop_agenda\Step1\Articles\20240727_article_3.txt	1633
2271	0	636822	241	故 최진실 딸 최준희, 남친과 커플 바디 프로필… 과감한 파격 노출	https://m.entertain.naver.com/ranking/article/241/0003373201	C:\Users\WINDOWS11\Desktop\kpop_agenda\Step1\Articles\20240815_article_1.txt	1767
3451	0	636340	76	"[공식]김준호♥김지민, 내년 결혼…공개 열애 3년만 결실 ""'미우새'서 프러포즈 과정 공개"""	https://m.entertain.naver.com/ranking/article/076/0004225110	C:\Users\WINDOWS11\Desktop\kpop_agenda\Step1\Articles\20241211_article_1.txt	2709
592	0	635569	437	[단독]'더 글로리' 추선생 허동원, 결혼 1년만 이혼	https://m.entertain.naver.com/ranking/article/437/0000381779	C:\Users\WINDOWS11\Desktop\kpop_agenda\Step1\Articles\20240229_article_2.txt	481
3351	0	635050	312	"[종합] '한소희 닮은꼴과 열애설' 유병재, ♥열애 공식 인정…""지인들과 자리서 만나""('전참시')"	https://m.entertain.naver.com/ranking/article/312/0000691155	C:\Users\WINDOWS11\Desktop\kpop_agenda\Step1\Articles\20241201_article_1.txt	2618
971	0	633652	108	이승기♥이다인 딸 최초 공개..벌써 결혼 1주년 [종합]	https://m.entertain.naver.com/ranking/article/108/0003226696	C:\Users\WINDOWS11\Desktop\kpop_agenda\Step1\Articles\20240407_article_1.txt	741
1114	0	633043	312	이혼 폭로→중도 하차 '시끌', 황정음에 묻힌 460억 대작 '7인의 부활' [TEN피플]	https://m.entertain.naver.com/ranking/article/312/0000659051	C:\Users\WINDOWS11\Desktop\kpop_agenda\Step1\Articles\20240421_article_4.txt	852
2202	0	631105	117	"'오은영 만난' 김지민 ""등 떠밀려 김준호와 결혼할 것 같아"" 고민토로 [금쪽상담소]"	https://m.entertain.naver.com/ranking/article/117/0003859583	C:\Users\WINDOWS11\Desktop\kpop_agenda\Step1\Articles\20240808_article_2.txt	1713
3592	0	630301	312	"충주맨, 은퇴한다…7급 공무원 연봉 얼마길래 ""섭외 연락만 600통"" ('라스')"	https://m.entertain.naver.com/ranking/article/312/0000694184	C:\Users\WINDOWS11\Desktop\kpop_agenda\Step1\Articles\20241225_article_2.txt	2820
1462	0	629861	468	[단독입수] “공연 잘 보셨냐”, 귀가 팬들 마지막까지 인사 전한 친절한 히어로…‘영웅시대’ 심장 정조준!	https://m.entertain.naver.com/ranking/article/468/0001063368	C:\Users\WINDOWS11\Desktop\kpop_agenda\Step1\Articles\20240526_article_2.txt	1133
603	0	628794	311	"[단독] 박경림 돌연 '활동 중단' 전말…""건강 이상설은 오해""(종합)"	https://m.entertain.naver.com/ranking/article/311/0001697454	C:\Users\WINDOWS11\Desktop\kpop_agenda\Step1\Articles\20240301_article_3.txt	490
1981	0	625680	312	"[종합] 김종민, 결혼 전제 연애 인정했다…""무조건 결혼을 전제로 사랑"" ('라베했어')"	https://m.entertain.naver.com/ranking/article/312/0000670977	C:\Users\WINDOWS11\Desktop\kpop_agenda\Step1\Articles\20240717_article_1.txt	1560
3482	0	625360	312	"[종합] ""방송 보고 호감 생겨서 번호 땄다""… NCT 도영, 4살 연하 유명인에 폭풍 플러팅 ('나혼산')"	https://m.entertain.naver.com/ranking/article/312/0000692837	C:\Users\WINDOWS11\Desktop\kpop_agenda\Step1\Articles\20241214_article_2.txt	2730
992	0	625142	76	"""송하윤 거짓말, 직접 때리고 강제 전학""..학폭 의혹 피해자 입 열었다(사건반장)[종합]"	https://m.entertain.naver.com/ranking/article/076/0004131520	C:\Users\WINDOWS11\Desktop\kpop_agenda\Step1\Articles\20240409_article_2.txt	758
3411	0	625129	117	"""성XX, 입에 담기도 싫다""…공유→우도환, 갑론을박을 대하는 자세 [MD픽]"	https://m.entertain.naver.com/ranking/article/117/0003894409	C:\Users\WINDOWS11\Desktop\kpop_agenda\Step1\Articles\20241207_article_1.txt	2672
2311	0	620556	312	신혜선, 8년 연애 이별 후유증 고백…가정사로 생긴 상처까지 ('나의 해리에게')	https://m.entertain.naver.com/ranking/article/312/0000675713	C:\Users\WINDOWS11\Desktop\kpop_agenda\Step1\Articles\20240819_article_1.txt	1799
622	0	617284	109	"[단독] 티아라 아름 ""전남편, 아이 얼굴에 대소변..양육권 포기한 적 없다"" (인터뷰)"	https://m.entertain.naver.com/ranking/article/109/0005028953	C:\Users\WINDOWS11\Desktop\kpop_agenda\Step1\Articles\20240303_article_2.txt	504
1571	0	615372	421	"자우림 김윤아, 권은비 능가 원조 워터밤 여신? ""워터밤은 음악 페스티벌 아냐"""	https://m.entertain.naver.com/ranking/article/421/0007585531	C:\Users\WINDOWS11\Desktop\kpop_agenda\Step1\Articles\20240606_article_1.txt	1226
431	0	614770	76	"전현무, 기안84 손절 선언 '무슨 일?'...""내가 현무 형 기운 뺏어오나봐"" ('설에도 나혼산')"	https://m.entertain.naver.com/ranking/article/076/0004109305	C:\Users\WINDOWS11\Desktop\kpop_agenda\Step1\Articles\20240213_article_1.txt	352
593	0	614558	109	사강, 결혼 17년만 사별한 남편 49재 “비현실 같은 현실..마음 찢어져”[Oh!쎈 이슈]	https://m.entertain.naver.com/ranking/article/109/0005026760	C:\Users\WINDOWS11\Desktop\kpop_agenda\Step1\Articles\20240229_article_3.txt	482
1241	0	614114	76	"[SC이슈] ""김지원, 주제파악 좀""..팬미팅 개최에 원성이 자자한 이유"	https://m.entertain.naver.com/ranking/article/076/0004141291	C:\Users\WINDOWS11\Desktop\kpop_agenda\Step1\Articles\20240504_article_1.txt	956
1401	0	613488	76	"'음주운전 인정' 김호중 ""죄지은 사람이 말 길면 뭐하겠냐"" 심경 [전문]"	https://m.entertain.naver.com/ranking/article/076/0004146590	C:\Users\WINDOWS11\Desktop\kpop_agenda\Step1\Articles\20240520_article_1.txt	1043
2831	0	613389	609	15분 만에 끝났던, 선우은숙 유영재 ‘본격’ 혼인 무효 소송…오늘(10일) 2차 공판	https://m.entertain.naver.com/ranking/article/609/0000906910	C:\Users\WINDOWS11\Desktop\kpop_agenda\Step1\Articles\20241010_article_1.txt	2217
611	0	611715	609	두경부암 투병 끝 떠난 故 민욱 오늘(2일) 7주기	https://m.entertain.naver.com/ranking/article/609/0000829120	C:\Users\WINDOWS11\Desktop\kpop_agenda\Step1\Articles\20240302_article_1.txt	497
1821	0	611656	76	안영미, ♥남편 없이 子 돌잔치..송은이·신봉선이 대신 한복 입고 참석	https://m.entertain.naver.com/ranking/article/076/0004163330	C:\Users\WINDOWS11\Desktop\kpop_agenda\Step1\Articles\20240701_article_1.txt	1433
872	0	609687	609	이경규 “시청자 제기한 귓볼주름 건강이상설에 병원行, 멀쩡하다고”(유퀴즈)	https://m.entertain.naver.com/ranking/article/609/0000837793	C:\Users\WINDOWS11\Desktop\kpop_agenda\Step1\Articles\20240328_article_2.txt	680
623	0	609219	3	"""애들에 똥오줌 싸고 때려""…티아라 아름, 이혼 소송 前남편 아동학대 주장"	https://m.entertain.naver.com/ranking/article/003/0012402624	C:\Users\WINDOWS11\Desktop\kpop_agenda\Step1\Articles\20240303_article_3.txt	505
952	0	608576	408	"오밤중 뜬금 열애설…트와이스 채영♥자이언티? 양측 ""확인 중"" [공식입장]"	https://m.entertain.naver.com/ranking/article/408/0000219663	C:\Users\WINDOWS11\Desktop\kpop_agenda\Step1\Articles\20240405_article_2.txt	728
3321	0	608279	312	이지아, 또 1%대 굴욕 썼다…13살 나이차 뛰어 넘었지만, 결과는 '처참' [TEN피플]	https://m.entertain.naver.com/ranking/article/312/0000690727	C:\Users\WINDOWS11\Desktop\kpop_agenda\Step1\Articles\20241128_article_1.txt	2595
2413	0	606907	213	"""잘못 건드렸어"" 제대로 폭발한 나나, 남사친 앞에서는 '행복한 미소'"	https://m.entertain.naver.com/ranking/article/213/0001307435	C:\Users\WINDOWS11\Desktop\kpop_agenda\Step1\Articles\20240829_article_3.txt	1877
2212	0	606681	144	“군대 기다려주면 2년 안에 결혼” 그리, 짝사랑女 깜짝 고백 (미우새)	https://m.entertain.naver.com/ranking/article/144/0000981079	C:\Users\WINDOWS11\Desktop\kpop_agenda\Step1\Articles\20240809_article_2.txt	1720
3531	0	605183	241	“송민호, 정상적 활동 자체 어려움…경찰 CCTV 보존 요청” 책임자 A씨, 부실복무 의혹 해명 [직격인터뷰]	https://m.entertain.naver.com/ranking/article/241/0003402644	C:\Users\WINDOWS11\Desktop\kpop_agenda\Step1\Articles\20241219_article_1.txt	2771
522	0	604162	76	"박신양 ""연기 다시 할 생각 없어..화가로 전향, 현재에 만족하지만 검토해보겠다"" ('유퀴즈')[종합]"	https://m.entertain.naver.com/ranking/article/076/0004112595	C:\Users\WINDOWS11\Desktop\kpop_agenda\Step1\Articles\20240222_article_2.txt	423
1321	0	603418	609	‘용준형♥’ 현아 2층집 최초 공개, 페인트칠 직접+침실에 샹들리에(전참시)	https://m.entertain.naver.com/ranking/article/609/0000852653	C:\Users\WINDOWS11\Desktop\kpop_agenda\Step1\Articles\20240512_article_1.txt	1021
381	0	602675	112	"[POP이슈]""내 입술 안녕해"" 보아, '내남결' 악플 의식했나‥외모 지적에 해명"	https://m.entertain.naver.com/ranking/article/112/0003680396	C:\Users\WINDOWS11\Desktop\kpop_agenda\Step1\Articles\20240208_article_1.txt	313
1102	0	602587	396	강지영 “청첩장 4개 돌렸는데 기사 나더라…♥남편, 톰 하디 닮아”	https://m.entertain.naver.com/ranking/article/396/0000674079	C:\Users\WINDOWS11\Desktop\kpop_agenda\Step1\Articles\20240420_article_2.txt	843
1445	0	602450	311	"결국 터졌다…아일릿 원희, '뉴진스 아류' 굴욕→""개뚱뚱"" 저격 논란史 [엑:스레이]"	https://m.entertain.naver.com/ranking/article/311/0001729095	C:\Users\WINDOWS11\Desktop\kpop_agenda\Step1\Articles\20240524_article_5.txt	1118
3191	0	601897	52	"[단독] ""화영 다리 부상에 티아라 단톡방 반응, 충격적이었다"""	https://m.entertain.naver.com/ranking/article/052/0002114293	C:\Users\WINDOWS11\Desktop\kpop_agenda\Step1\Articles\20241115_article_1.txt	2492
1053	0	601612	311	"""동정여론 조성""…최민환·율희, 이혼 부부의 육아 예능 출연 '효과는 확실' [엑's 이슈]"	https://m.entertain.naver.com/ranking/article/311/0001714634	C:\Users\WINDOWS11\Desktop\kpop_agenda\Step1\Articles\20240415_article_3.txt	804
2172	0	600954	18	[단독]황정음·김종규, 열애 공개 14일 만 결별	https://m.entertain.naver.com/ranking/article/018/0005805278	C:\Users\WINDOWS11\Desktop\kpop_agenda\Step1\Articles\20240805_article_2.txt	1596
2871	0	600416	609	박수홍, 아빠 됐다‥♥김다예 출산에 녹화중 병원行(슈돌)[결정적장면]	https://m.entertain.naver.com/ranking/article/609/0000908588	C:\Users\WINDOWS11\Desktop\kpop_agenda\Step1\Articles\20241014_article_1.txt	2253
1201	0	599679	112	[POP초점]유재환, '무도' 순수 청년 어디 갔나‥사기·성희롱 의혹까지 논란ing	https://m.entertain.naver.com/ranking/article/112/0003694471	C:\Users\WINDOWS11\Desktop\kpop_agenda\Step1\Articles\20240430_article_1.txt	921
13	0	599665	76	"[SC초점] ""집 데이트 했지만 지인사이"" 에이프릴 이나은-이강인 새해 첫 열애설 부인, 싸늘한 여론"	https://m.entertain.naver.com/ranking/article/076/0004093894	C:\Users\WINDOWS11\Desktop\kpop_agenda\Step1\Articles\20240102_article_3.txt	13
864	0	599326	609	블랙핑크 리사, 재벌家 살던 75억 대저택+억대 차 첫 공개 “열심히 리모델링”(라우드)	https://m.entertain.naver.com/ranking/article/609/0000837640	C:\Users\WINDOWS11\Desktop\kpop_agenda\Step1\Articles\20240327_article_4.txt	674
1261	0	596507	311	"성동일 딸 성빈, 훌쩍 큰 근황 ""콩쿠르 후 바로 공연 연습"" [엑's 이슈]"	https://m.entertain.naver.com/ranking/article/311/0001722952	C:\Users\WINDOWS11\Desktop\kpop_agenda\Step1\Articles\20240506_article_1.txt	774
2981	0	596412	109	한예슬, 결혼 5개월 만 쌍둥이 엄마 되나…이틀 연속 겹경사 [★SHOT!]	https://m.entertain.naver.com/ranking/article/109/0005182972	C:\Users\WINDOWS11\Desktop\kpop_agenda\Step1\Articles\20241025_article_1.txt	2336
1905	0	595690	421	"정준영 프랑스 클럽 떴다…""여성에 치근대며 춤출 땐 키스"" 저격글"	https://m.entertain.naver.com/ranking/article/421/0007651608	C:\Users\WINDOWS11\Desktop\kpop_agenda\Step1\Articles\20240709_article_5.txt	1501
1854	0	595355	112	"이은형♥강재준, 결혼 7년만 감격의 만삭 화보..""어딜 가나 축복"""	https://m.entertain.naver.com/ranking/article/112/0003706862	C:\Users\WINDOWS11\Desktop\kpop_agenda\Step1\Articles\20240704_article_4.txt	1458
561	0	594427	108	[단독]이효리 축가·하지원 주례 약속 OK!..'짠한' 결혼식 대박 조짐 [종합]	https://m.entertain.naver.com/ranking/article/108/0003217151	C:\Users\WINDOWS11\Desktop\kpop_agenda\Step1\Articles\20240226_article_1.txt	452
1083	0	594226	312	[단독] '미성년자 부적절 관계' 부인한 영제이, 활동 잠정 중단	https://m.entertain.naver.com/ranking/article/312/0000658652	C:\Users\WINDOWS11\Desktop\kpop_agenda\Step1\Articles\20240418_article_3.txt	828
231	0	594011	76	"김지훈, 성수동 103억 아파트 1억 5천만원에 구매…""영끌 했다""(아침먹고가)"	https://m.entertain.naver.com/ranking/article/076/0004101249	C:\Users\WINDOWS11\Desktop\kpop_agenda\Step1\Articles\20240124_article_1.txt	184
3102	0	593941	52	[단독] '빚투 논란' 한식대가 이영숙, '흑백요리사' 출연료도 압류	https://m.entertain.naver.com/ranking/article/052/0002110082	C:\Users\WINDOWS11\Desktop\kpop_agenda\Step1\Articles\20241106_article_2.txt	2422
3593	0	593560	76	"[SC리뷰] 이민호, 1월 1일 열애설 터지나…""지금 연애중"" 질문에 녹화중단"	https://m.entertain.naver.com/ranking/article/076/0004229300	C:\Users\WINDOWS11\Desktop\kpop_agenda\Step1\Articles\20241225_article_3.txt	2821
742	0	593460	311	'나혼산' 이장우, 80kg대 감량 후 달라진 초록패딩핏 '깜짝'	https://m.entertain.naver.com/ranking/article/311/0001702566	C:\Users\WINDOWS11\Desktop\kpop_agenda\Step1\Articles\20240315_article_2.txt	601
1431	0	593131	312	KBS, 강형욱에 뒤통수 맞았다…도대체 어떤 해명문을 준비하길래[TEN피플]	https://m.entertain.naver.com/ranking/article/312/0000663519	C:\Users\WINDOWS11\Desktop\kpop_agenda\Step1\Articles\20240523_article_1.txt	1107
3402	0	584659	108	"전현무, 열애설 밝혔다..'20세 연하' 홍주연과 만남 공개 ""파리의 연인"" [사당귀]"	https://m.entertain.naver.com/ranking/article/108/0003287713	C:\Users\WINDOWS11\Desktop\kpop_agenda\Step1\Articles\20241206_article_2.txt	2663
865	0	583825	117	"""대한태국인, 탕평응원"" 블랙핑크 리사, 태국VS한국 축구 응원…경기장 포착 [MD이슈]"	https://m.entertain.naver.com/ranking/article/117/0003816864	C:\Users\WINDOWS11\Desktop\kpop_agenda\Step1\Articles\20240327_article_5.txt	675
2041	0	583823	408	"배윤정 ""11살 연하 남편, 이혼으로 힘들었을 때 3개월 매일 찾아와""(4인용 식탁)"	https://m.entertain.naver.com/ranking/article/408/0000230293	C:\Users\WINDOWS11\Desktop\kpop_agenda\Step1\Articles\20240723_article_1.txt	1601
901	0	583470	311	"[단독] 최병길 PD ""서유리와 이혼 조정…빚 지고 사무실서 기거"" (엑's 인터뷰)"	https://m.entertain.naver.com/ranking/article/311/0001708919	C:\Users\WINDOWS11\Desktop\kpop_agenda\Step1\Articles\20240331_article_1.txt	699
2631	0	583262	312	박서진♥홍지윤, 열애설 터졌다…가족도 인정, 트로트 커플 탄생하나 ('살림남')	https://m.entertain.naver.com/ranking/article/312/0000680632	C:\Users\WINDOWS11\Desktop\kpop_agenda\Step1\Articles\20240920_article_1.txt	2048
822	0	583228	76	[SC이슈]'10년 공개 열애' 김우빈♥신민아, 비결은 특급 내조·외조…사랑은 커피를 타고~.	https://m.entertain.naver.com/ranking/article/076/0004124740	C:\Users\WINDOWS11\Desktop\kpop_agenda\Step1\Articles\20240323_article_2.txt	645
432	0	581190	109	‘26kg 감량’ 강재준♥&#65038;이은형, 결혼 7년만 임신 “우리 엄마 아빠 된다”[공식]	https://m.entertain.naver.com/ranking/article/109/0005017049	C:\Users\WINDOWS11\Desktop\kpop_agenda\Step1\Articles\20240213_article_2.txt	353
2304	0	580010	477	코요태, 행사 무대에 두 남자 난입	https://m.entertain.naver.com/ranking/article/477/0000507610	C:\Users\WINDOWS11\Desktop\kpop_agenda\Step1\Articles\20240818_article_4.txt	1792
2481	0	579495	109	3년전 럽스타 했던 오상욱, 혼혈 모델 하루카 토도야 열애설은 침묵? [Oh!쎈 이슈]	https://m.entertain.naver.com/ranking/article/109/0005150486	C:\Users\WINDOWS11\Desktop\kpop_agenda\Step1\Articles\20240905_article_1.txt	1930
2085	0	578215	609	정가은 결국 사과, 男배우 엉덩이 만지며 “내 손이 호강→경솔했다”[전문]	https://m.entertain.naver.com/ranking/article/609/0000879925	C:\Users\WINDOWS11\Desktop\kpop_agenda\Step1\Articles\20240727_article_5.txt	1635
2782	0	578027	109	"“정신차려라” 이혼전문변호사, 박지윤&#65381;최동석에 일침 ""24년간 상간 맞소송 처음 봐”[종합]"	https://m.entertain.naver.com/ranking/article/109/0005168529	C:\Users\WINDOWS11\Desktop\kpop_agenda\Step1\Articles\20241005_article_2.txt	2175
191	0	577703	112	[투데이TV]'아는 형님' 규현, 최초 립싱크..'싱어게인3' 자격 논란	https://m.entertain.naver.com/ranking/article/112/0003677111	C:\Users\WINDOWS11\Desktop\kpop_agenda\Step1\Articles\20240120_article_1.txt	153
1103	0	577546	76	[SC이슈]위너 송민호, 군 복무 중에 장발?…박완규인 줄 알았네	https://m.entertain.naver.com/ranking/article/076/0004135918	C:\Users\WINDOWS11\Desktop\kpop_agenda\Step1\Articles\20240420_article_3.txt	844
3511	0	576323	433	"[단독] ""오늘은 연차, 오늘은 병가""…송민호, 공익출근 조작의혹"	https://m.entertain.naver.com/ranking/article/433/0000111954	C:\Users\WINDOWS11\Desktop\kpop_agenda\Step1\Articles\20241217_article_1.txt	2753
2542	0	576288	311	[단독] 박창현 아나운서, 7년만 이혼…MBC 퇴사→'돌싱글즈6' 출연	https://m.entertain.naver.com/ranking/article/311/0001770270	C:\Users\WINDOWS11\Desktop\kpop_agenda\Step1\Articles\20240911_article_2.txt	1975
33	0	575652	312	블랙핑크 지수, 회사 설립 아닌 '친오빠 유산균 회사' 이적으로 얻을 실리[TEN피플]	https://m.entertain.naver.com/ranking/article/312/0000643432	C:\Users\WINDOWS11\Desktop\kpop_agenda\Step1\Articles\20240104_article_3.txt	27
681	0	575513	312	"'60억 건물주' 기안84, 부동산 눈탱이 맞았다…""시세보다 비싸게 매매, 기대수익 NO"" [TEN이슈]"	https://m.entertain.naver.com/ranking/article/312/0000652657	C:\Users\WINDOWS11\Desktop\kpop_agenda\Step1\Articles\20240309_article_1.txt	550
3641	0	575475	477	"'무안의 딸' 박나래, 제주항공 참사 피해 지원 기부금 냈다 ""지자체 직접 연락"""	https://m.entertain.naver.com/ranking/article/477/0000528113	C:\Users\WINDOWS11\Desktop\kpop_agenda\Step1\Articles\20241230_article_1.txt	2864
1862	0	575114	312	조권, JYP 정산 시스템 폭로했다…21만원 받고 母와 폭풍 오열 ('스튜디오 매일매일')	https://m.entertain.naver.com/ranking/article/312/0000669548	C:\Users\WINDOWS11\Desktop\kpop_agenda\Step1\Articles\20240705_article_2.txt	1466
483	0	574773	609	이강인 열애설 이나은, 본격 활동 시작…3년만 ‘재벌X형사’ 첫 등장[종합]	https://m.entertain.naver.com/ranking/article/609/0000824404	C:\Users\WINDOWS11\Desktop\kpop_agenda\Step1\Articles\20240218_article_3.txt	396
2086	0	574311	109	"유재석, '200억 건물주' 비결 ""주식 죽어도 안해..저축만 했다""('조동아리')"	https://m.entertain.naver.com/ranking/article/109/0005124605	C:\Users\WINDOWS11\Desktop\kpop_agenda\Step1\Articles\20240727_article_6.txt	1636
902	0	573706	421	손예진, ♥현빈과 결혼 2주년 자축…아름다운 웨딩드레스 [N샷]	https://m.entertain.naver.com/ranking/article/421/0007448150	C:\Users\WINDOWS11\Desktop\kpop_agenda\Step1\Articles\20240331_article_2.txt	700
3512	0	573376	312	"[종합] 박명수, 김영철과 불화설 공식화…""김영철 싫어해, 기사 나도 괜찮다""('라디오쇼')"	https://m.entertain.naver.com/ranking/article/312/0000693193	C:\Users\WINDOWS11\Desktop\kpop_agenda\Step1\Articles\20241217_article_2.txt	2754
3231	0	573242	312	이모카세, 폭로 터졌다…최측근 증언에 결국 분노, 정지선은 '손절' ('동상이몽2')	https://m.entertain.naver.com/ranking/article/312/0000689518	C:\Users\WINDOWS11\Desktop\kpop_agenda\Step1\Articles\20241119_article_1.txt	2525
893	0	573048	468	또 경거망동 한소희…혜리 저격 후 글 삭제 이어 욕설 논란 재점화 ‘피로감만 커지네’ [SS초점]	https://m.entertain.naver.com/ranking/article/468/0001045334	C:\Users\WINDOWS11\Desktop\kpop_agenda\Step1\Articles\20240330_article_3.txt	693
572	0	572561	76	"김지민 ""♥김준호와 단둘이 여행 가도 숙소는 2개"" 황보라 질색 ('조선의사랑꾼')"	https://m.entertain.naver.com/ranking/article/076/0004114439	C:\Users\WINDOWS11\Desktop\kpop_agenda\Step1\Articles\20240227_article_2.txt	462
2145	0	572041	609	현주엽 아내, 1564만원 반지 쇼핑 “그냥 지나간 결기 이걸로 봐줄게”	https://m.entertain.naver.com/ranking/article/609/0000881873	C:\Users\WINDOWS11\Desktop\kpop_agenda\Step1\Articles\20240802_article_5.txt	1667
2203	0	571877	108	"'프로포폴 투약' 휘성, 어딘가 달라진 얼굴 ""백만 년 만에.."" 깜짝 근황 [스타이슈]"	https://m.entertain.naver.com/ranking/article/108/0003256542	C:\Users\WINDOWS11\Desktop\kpop_agenda\Step1\Articles\20240808_article_3.txt	1714
2246	0	571775	382	‘19살 연하♥’ 양준혁 핵폭탄급 중대 발표…각종 의혹 입 연다 (동상이몽2)	https://m.entertain.naver.com/ranking/article/382/0001144037	C:\Users\WINDOWS11\Desktop\kpop_agenda\Step1\Articles\20240812_article_6.txt	1747
142	0	571345	112	"'미우새' 무속인 ""이동건, 연예인 만나면 4~5번 이혼할 외로운 팔자""(종합)"	https://m.entertain.naver.com/ranking/article/112/0003675923	C:\Users\WINDOWS11\Desktop\kpop_agenda\Step1\Articles\20240115_article_2.txt	111
594	0	571191	311	'이혼·외도 공개저격' 황정음, 술방 '짠한형'까지…거침없는 파격 행보 [엑's 이슈]	https://m.entertain.naver.com/ranking/article/311/0001696946	C:\Users\WINDOWS11\Desktop\kpop_agenda\Step1\Articles\20240229_article_4.txt	479
2231	0	570950	477	승리, '버닝썬' 행사에 특별 게스트 참석 예고..논란 일파만파 [종합]	https://m.entertain.naver.com/ranking/article/477/0000506470	C:\Users\WINDOWS11\Desktop\kpop_agenda\Step1\Articles\20240811_article_1.txt	1733
1054	0	570943	109	김갑수, 극단적 선택 ‘충격’→김지원, ♥김수현 프러포즈 거절 (’눈물의여왕’)[종합]	https://m.entertain.naver.com/ranking/article/109/0005058057	C:\Users\WINDOWS11\Desktop\kpop_agenda\Step1\Articles\20240415_article_4.txt	805
3362	0	570917	477	"'장재호♥' 공민정, 결혼 3개월 만에 母 된다…""출산 얼마 안 남아"" 임신 발표"	https://m.entertain.naver.com/ranking/article/477/0000524174	C:\Users\WINDOWS11\Desktop\kpop_agenda\Step1\Articles\20241202_article_2.txt	2627
3442	0	570493	477	'유퀴즈 출연' 기상캐스터 오요안나, 9월 사망…향년 28세	https://m.entertain.naver.com/ranking/article/477/0000525235	C:\Users\WINDOWS11\Desktop\kpop_agenda\Step1\Articles\20241210_article_2.txt	2702
2012	0	570481	76	'9월 출산' 이연희, 임산부 맞아? 과감한 비키니 자태	https://m.entertain.naver.com/ranking/article/076/0004171109	C:\Users\WINDOWS11\Desktop\kpop_agenda\Step1\Articles\20240720_article_2.txt	1582
2222	0	570411	609	박수홍, 25㎏ 찐 ♥김다예 모습에 “지금이 제일 귀여워” 애틋	https://m.entertain.naver.com/ranking/article/609/0000884640	C:\Users\WINDOWS11\Desktop\kpop_agenda\Step1\Articles\20240810_article_2.txt	1725
2691	0	570284	312	"시청자 우롱했나…오윤아, ♥노성준과 공개연애 끝나니 ""연프 예능인 줄 몰랐다"" [TEN피플]"	https://m.entertain.naver.com/ranking/article/312/0000681550	C:\Users\WINDOWS11\Desktop\kpop_agenda\Step1\Articles\20240926_article_1.txt	2097
2581	0	570257	468	[단독] 안세하, ‘실화탐사대’ 취재 포기→옹호 글 등장…7일간의 타임라인 (종합)	https://m.entertain.naver.com/ranking/article/468/0001093467	C:\Users\WINDOWS11\Desktop\kpop_agenda\Step1\Articles\20240915_article_1.txt	1964
1641	0	570032	609	결혼식 전날까지 외도한 남편과 재결합, 박미선 “저 와중에?” 분노(고딩엄빠5)	https://m.entertain.naver.com/ranking/article/609/0000864109	C:\Users\WINDOWS11\Desktop\kpop_agenda\Step1\Articles\20240613_article_1.txt	1290
1791	0	569210	144	[단독]허웅 전 연인 “임신 중에도 강제로 성관계 원해···거짓으로 2차가해 중”	https://m.entertain.naver.com/ranking/article/144/0000971856	C:\Users\WINDOWS11\Desktop\kpop_agenda\Step1\Articles\20240628_article_1.txt	1407
755	0	568696	117	[단독] 손호준♥공승연, 2년째 열애 중… 동료에서 연인으로	https://m.entertain.naver.com/ranking/article/117/0003813293	C:\Users\WINDOWS11\Desktop\kpop_agenda\Step1\Articles\20240316_article_5.txt	606
2891	0	568479	109	[단독] '불법도박' 이진호, 양세찬에도 '불똥'...한국닌텐도 영상 비공개 '손절'	https://m.entertain.naver.com/ranking/article/109/0005176262	C:\Users\WINDOWS11\Desktop\kpop_agenda\Step1\Articles\20241016_article_1.txt	2258
3092	0	567706	76	'이동건 이혼' 조윤희, 딸 혼자 안 키웠다…1살 연상 양육자 소개('이혼다')	https://m.entertain.naver.com/ranking/article/076/0004212764	C:\Users\WINDOWS11\Desktop\kpop_agenda\Step1\Articles\20241105_article_2.txt	2413
23	0	567352	109	"""양쪽 다 동의"" 전현무x한혜진, '환승연애' 만남 성사되나 [Oh!쎈 리뷰]"	https://m.entertain.naver.com/ranking/article/109/0004992335	C:\Users\WINDOWS11\Desktop\kpop_agenda\Step1\Articles\20240103_article_3.txt	20
1631	0	567290	311	"정형돈♥한유라 딸, 심각한 각막 손상에 위급상황…""죄책감"" (한작가)"	https://m.entertain.naver.com/ranking/article/311/0001736320	C:\Users\WINDOWS11\Desktop\kpop_agenda\Step1\Articles\20240612_article_1.txt	1280
1093	0	566779	311	"'정글밥' 측 ""김병만 아이디어 NO…작년 8월 류수영에 영감"" [공식입장]"	https://m.entertain.naver.com/ranking/article/311/0001716486	C:\Users\WINDOWS11\Desktop\kpop_agenda\Step1\Articles\20240419_article_3.txt	835
61	0	564706	477	'109억 건물주' 양세형, 양세찬과 살다 독립→공황장애 고백[TV핫샷]	https://m.entertain.naver.com/ranking/article/477/0000467498	C:\Users\WINDOWS11\Desktop\kpop_agenda\Step1\Articles\20240107_article_1.txt	50
